id_buku,nama_pengarang,nama_penerbit,genre
B1,Andrea Hirata,Bentang Pustaka,Fiksi
B2,J.K. Rowling,Bloomsbury,Fantasi
B3,Harper Lee,J.B. Lippincott & Co.,Drama
B4,J.R.R. Tolkien,George Allen & Unwin,Fantasi
B5,Yuval Noah Harari,Harvill Secker,Sejarah
B6,Dan Brown,Doubleday,Thriller
B7,James Clear,Avery Publishing,Self-help
B8,Paulo Coelho,HarperTorch,Fiksi
B9,Mark Manson,HarperOne,Self-help
B10,Habiburrahman El Shirazy,Republika,Religi