id_buku,judul,tahun_terbit,jumlah_halaman,jumlah_terbitan
B1,Laskar Pelangi,2005,529,200
B2,Harry Potter and the Sorcerer's Stone,1997,309,1000
B3,To Kill a Mockingbird,1960,281,500
B4,The Hobbit,1937,310,700
B5,Sapiens,2011,498,300
B6,The Da Vinci Code,2003,689,450
B7,Atomic Habits,2018,320,150
B8,The Alchemist,1988,208,600
B9,The Subtle Art of Not Giving a F*ck,2016,224,200
B10,Ayat-Ayat Cinta,2004,413,250